seed,MAX_CANDS,cbf_mean_ms,cf_mean_ms,hybrid_mean_ms,n_users
42,20,352.9935949991341,0.26292999973520637,0.49339000106556347,20
42,40,355.4302849981468,0.3898450013366528,0.7531399976869579,20
123,20,363.7198900003568,0.30269500130089,0.5562100006500259,20
123,40,367.5753049988998,0.4179149982519448,0.7174800019129179,20
