model,coverage_rate,direct_valid_rate,fallback_rate,out_of_taxonomy_rate
gemini,1.0,1.0,0.0,0.0
gpt,1.0,0.8801369863013698,0.11986301369863013,0.0
qwen,1.0,0.9863013698630136,0.0136986301369863,0.0
deepseek,1.0,0.958904109589041,0.0410958904109589,0.0
