level,percentage,count
1.00,0.3698630136986301,216
0.75-0.99,0.2773972602739726,162
0.50-0.74,0.2979452054794521,174
<0.50,0.0547945205479452,32
