method,tp,fp,fn,tn,precision,recall,f1,accuracy,jaccard,nonstopword_preservation,pred_stopwords,expert_stopwords,strategy,k
single_gemini,301,15,201,383,0.952532,0.599602,0.735941,0.76,0.582205,0.962312,316,502,single_model,1
single_gpt,261,173,241,225,0.601382,0.51992,0.557692,0.54,0.386667,0.565327,434,502,single_model,1
single_qwen,411,292,91,106,0.584637,0.818725,0.682158,0.574444,0.517632,0.266332,703,502,single_model,1
single_deepseek,378,194,124,204,0.660839,0.752988,0.703911,0.646667,0.543103,0.512563,572,502,single_model,1
majority_ge2,409,227,93,171,0.643082,0.814741,0.718805,0.644444,0.561043,0.429648,636,502,ensemble,2
majority_ge3,314,90,188,308,0.777228,0.625498,0.693157,0.691111,0.530405,0.773869,404,502,ensemble,3
consensus_all4,153,7,349,391,0.95625,0.304781,0.462236,0.604444,0.300589,0.982412,160,502,ensemble,4
union_any1,475,350,27,48,0.575758,0.946215,0.715901,0.581111,0.557512,0.120603,825,502,ensemble,1
