,cluster_0,cluster_1,cluster_2,cluster_3
Gemini,0.6634146341463415,0.7647058823529411,0.7261904761904762,0.7826086956521738
GPT,0.3645320197044335,0.6466165413533835,0.5966386554621849,0.5851528384279476
Qwen,0.6565349544072949,0.7577639751552795,0.6328125000000001,0.6711409395973155
DeepSeek,0.6472727272727272,0.7713310580204779,0.6434782608695652,0.7391304347826086
Consensus (k=4),0.2875,0.5599999999999999,0.45255474452554745,0.5212121212121212
Majority (k≥3),0.6018518518518517,0.7637795275590551,0.6568627450980393,0.7327586206896551
Union (k≥1),0.67966573816156,0.7808988764044944,0.6875,0.7098765432098766
