,Umbrella,Abstract/Eval.,Domain Overuse,Redundant/Syn.
Gemini,0.4878048780487805,0.7127659574468085,0.7317073170731707,0.6296296296296297
GPT,0.47560975609756095,0.5478723404255319,0.6585365853658537,0.5185185185185185
Qwen,0.7764227642276422,0.851063829787234,0.9024390243902439,0.8518518518518519
DeepSeek,0.7317073170731707,0.7446808510638298,0.9024390243902439,0.7777777777777778
Consensus (k=4),0.21544715447154472,0.39361702127659576,0.43902439024390244,0.2962962962962963
Majority (k≥3),0.540650406504065,0.675531914893617,0.8780487804878049,0.6666666666666666
Union (k≥1),0.9390243902439024,0.9521276595744681,0.9512195121951219,0.9629629629629629
