method,f1_mean,f1_std,f1_ci_lo,f1_ci_hi,precision_mean,precision_std,precision_ci_lo,precision_ci_hi,recall_mean,recall_std,recall_ci_lo,recall_ci_hi
gemini,0.735279,0.017548,0.699629,0.768692,0.952403,0.012088,0.927584,0.974845,0.599097,0.022114,0.554702,0.642718
gpt,0.557135,0.019507,0.518434,0.595436,0.601267,0.023559,0.555288,0.647465,0.519495,0.022264,0.475992,0.563526
qwen,0.681908,0.015375,0.651124,0.711809,0.584625,0.018545,0.548385,0.62143,0.81855,0.017283,0.783889,0.852297
deepseek,0.70347,0.015685,0.67243,0.733696,0.660788,0.019613,0.62226,0.699301,0.752491,0.019154,0.715127,0.790002
consensus_all4,0.461406,0.023684,0.414305,0.506787,0.956028,0.016321,0.921569,0.986577,0.304396,0.020205,0.26499,0.344064
majority_ge3,0.6925,0.017496,0.657687,0.726058,0.777114,0.020866,0.736077,0.817284,0.624887,0.021531,0.582641,0.667301
union_any1,0.715699,0.013977,0.687692,0.742815,0.57578,0.017177,0.541818,0.609697,0.945985,0.010007,0.925771,0.964844
